ambry	fldxt	spung	vejoz	whick
ambry	fldxt	pucks	vejoz	whing
ambry	fldxt	pungs	vejoz	whick
ampyx	bejig	fconv	hdqrs	klutz
ampyx	bewig	fconv	hdqrs	klutz
ampyx	bortz	chivw	fjeld	gunks
ampyx	crwth	fdubs	kling	vejoz
ampyx	crwth	fdubs	glink	vejoz
ampyx	flung	hdqrs	twick	vejoz
angry	bumph	fldxt	vejoz	wicks
angry	bumph	fldxt	swick	vejoz
angry	bumps	fldxt	vejoz	whick
avick	benjy	fldxt	grosz	whump
backy	fldxt	humps	vejoz	wring
backy	fldxt	sumph	vejoz	wring
backy	fldxt	rings	vejoz	whump
backy	fldxt	rumps	vejoz	whing
backy	fldxt	girns	vejoz	whump
backy	fldxt	grins	vejoz	whump
backy	fldxt	grump	vejoz	whins
backy	fldxt	murph	swing	vejoz
backy	fldxt	murph	vejoz	wings
backs	fldxt	humpy	vejoz	wring
backs	fldxt	ringy	vejoz	whump
backs	fldxt	rumpy	vejoz	whing
backs	fldxt	girny	vejoz	whump
backs	fldxt	grump	vejoz	whiny
backs	fldxt	murph	vejoz	wingy
baken	chivw	fldxt	grosz	jumpy
baker	chivw	fldxt	jumps	zygon
bangy	crump	fldxt	vejoz	whisk
bangy	fldxt	humps	vejoz	wrick
bangy	fldxt	sumph	vejoz	wrick
bangy	fldxt	ricks	vejoz	whump
bangy	fldxt	rumps	vejoz	whick
bangy	fldxt	murph	vejoz	wicks
bangy	fldxt	murph	swick	vejoz
bangy	flump	hdqrs	twick	vejoz
bangs	fldxt	humpy	vejoz	wrick
bangs	fldxt	ricky	vejoz	whump
bangs	fldxt	murph	vejoz	wicky
bangs	fldxt	rumpy	vejoz	whick
banky	crump	fldxt	vejoz	whigs
banks	fldxt	gyric	vejoz	whump
bargh	fldxt	numps	vejoz	wicky
barky	chimp	fldxt	swung	vejoz
barky	chump	fldxt	swing	vejoz
barky	chump	fldxt	vejoz	wings
barks	chump	fldxt	vejoz	wingy
barks	fldxt	gynic	vejoz	whump
barmy	fldxt	spung	vejoz	whick
barmy	fldxt	pucks	vejoz	whing
barmy	fldxt	pungs	vejoz	whick
barms	fldxt	pungy	vejoz	whick
bawke	fldxt	gconv	jimpy	qursh
bawke	fultz	gconv	hdqrs	jimpy
becky	fldxt	jumps	voraz	whing
becky	fldxt	jumps	vizor	whang
becks	fldxt	jumpy	voraz	whing
becks	fldxt	jumpy	vizor	whang
becks	fldxt	rajiv	whump	zygon
becks	fldxt	ginzo	jarvy	whump
becks	frowl	japyx	vingt	zhmud
becks	fultz	japyx	mordv	whing
behav	fldxt	jumps	wrick	zygon
bejan	fldxt	grosz	vicky	whump
bejig	chump	fldxt	knyaz	vrows
bejig	fldxt	nymph	quack	vrows
bejig	fldxt	knyaz	mowch	supvr
bemix	fultz	gconv	hdqrs	pawky
bench	fldxt	gawky	jumps	vizor
bench	fldxt	gawks	jumpy	vizor
bench	fldxt	grosz	jimpy	quawk
benjy	chawk	fldxt	gizmo	supvr
benjy	chimp	fldxt	grosz	quawk
benjy	chowk	fldxt	gramp	squiz
benjy	chump	fldxt	gawks	vizor
benjy	fldxt	oghuz	vamps	wrick
benjy	fldxt	gizmo	supvr	whack
benjy	fldxt	grosz	quick	whamp
benjy	fldxt	gucks	vizor	whamp
benzo	fldxt	jimpy	vughs	wrack
benzo	fldxt	gravy	jumps	whick
bevor	chawk	fldxt	jumpy	zings
bevor	chawk	fldxt	jumps	zingy
bevor	fldxt	jacky	whump	zings
bevor	fldxt	jacks	whump	zingy
bevor	fldxt	jumpy	whack	zings
bevor	fldxt	jumps	whack	zingy
bewig	fconv	hdqrs	japyx	klutz
bewig	flock	hdqrs	japyx	muntz
bezan	fldxt	grovy	jumps	whick
bhang	crump	fldxt	skiwy	vejoz
bhang	fldxt	spumy	vejoz	wrick
bhang	fldxt	rumpy	vejoz	wicks
bhang	fldxt	rumpy	swick	vejoz
bhang	fldxt	rumps	vejoz	wicky
bichy	fldxt	grump	swank	vejoz
bichy	fldxt	gunks	vejoz	wramp
bigam	expwy	fconv	hdqrs	klutz
bilks	fconv	grewt	japyx	zhmud
bingy	carks	fldxt	vejoz	whump
bingy	chawk	fldxt	rumps	vejoz
bingy	chump	fldxt	vejoz	warks
bingy	crump	fldxt	hawks	vejoz
bingy	fldxt	hucks	vejoz	wramp
bingy	fldxt	humps	vejoz	wrack
bingy	fldxt	sumph	vejoz	wrack
bingy	fldxt	racks	vejoz	whump
bingy	fldxt	rucks	vejoz	whamp
bingy	fldxt	rumps	vejoz	whack
bingy	fldxt	mucks	vejoz	wharp
bingy	fldxt	shuck	vejoz	wramp
bingy	fldxt	murph	vejoz	wacks
bingy	fldxt	murph	swack	vejoz
birch	fldxt	kyung	swamp	vejoz
birch	fldxt	gawky	numps	vejoz
birch	fldxt	mawky	spung	vejoz
birch	fldxt	mawky	pungs	vejoz
birch	fldxt	mawks	pungy	vejoz
birch	fldxt	gunky	swamp	vejoz
birky	champ	fldxt	swung	vejoz
birky	chump	fldxt	gnaws	vejoz
birky	chump	fldxt	swang	vejoz
birky	chung	fldxt	swamp	vejoz
birks	cangy	fldxt	vejoz	whump
birks	fldxt	gconv	jazey	whump
birny	chump	fldxt	gawks	vejoz
birny	fldxt	gucks	vejoz	whamp
bizen	chawk	fldxt	grovy	jumps
bizen	chowk	fldxt	gravy	jumps
bizen	chump	fldxt	gowks	jarvy
bizen	fldxt	gravy	jocks	whump
bizen	fldxt	grovy	jumps	whack
bizen	fldxt	grovy	jacks	whump
bizen	fldxt	gucks	jarvy	whomp
bleck	frows	japyx	vingt	zhmud
blitz	fconv	gawky	hdqrs	pumex
blitz	fconv	gryph	judex	mawks
block	fremt	japyx	vughs	windz
blows	freck	japyx	vingt	zhmud
bocks	fldxt	javer	whump	zingy
bocks	flegm	japyx	thruv	windz
bongs	chivw	fldxt	jumpy	karez
bongs	chivw	fremd	japyx	klutz
bonks	chivw	fldxt	grump	jazey
bonks	chivw	fldxt	gazer	jumpy
bonks	chivw	fldxt	graze	jumpy
bonze	fldxt	jimpy	vughs	wrack
bonze	fldxt	gravy	jumps	whick
borgh	fldxt	jumps	vicky	wanze
bortz	chivw	dunks	flegm	japyx
bovld	freck	japyx	muntz	whigs
bowge	flick	hdqrs	japyx	muntz
bowls	freck	japyx	vingt	zhmud
brack	fldxt	humpy	swing	vejoz
brack	fldxt	humpy	vejoz	wings
brack	fldxt	humps	vejoz	wingy
brack	fldxt	spumy	vejoz	whing
brack	fldxt	sumph	vejoz	wingy
brack	fldxt	jives	whump	zygon
brack	fldxt	jowpy	vughs	zemni
brack	fldxt	jowpy	mizen	vughs
brack	fldxt	pungy	vejoz	whims
brack	fldxt	mungy	vejoz	whisp
brack	fldxt	mungy	vejoz	whips
brags	fldxt	nicky	vejoz	whump
brags	fldxt	nymph	quick	vejoz
brahm	fldxt	spung	vejoz	wicky
brahm	fldxt	picky	swung	vejoz
brahm	fldxt	pucks	vejoz	wingy
brahm	fldxt	pungy	vejoz	wicks
brahm	fldxt	pungy	swick	vejoz
brahm	fldxt	pungs	vejoz	wicky
brake	chivw	fldxt	jumps	zygon
braky	chimp	fldxt	swung	vejoz
braky	chump	fldxt	swing	vejoz
braky	chump	fldxt	vejoz	wings
brave	chowk	fldxt	jumpy	zings
brave	chowk	fldxt	jumps	zingy
brave	fldxt	jocks	whump	zingy
brave	fldxt	jumps	whick	zygon
brawn	fldxt	hucks	pigmy	vejoz
brawn	fldxt	pigmy	shuck	vejoz
brawn	fldxt	kopje	vughs	zymic
brawn	fldxt	gimpy	hucks	vejoz
brawn	fldxt	gimpy	shuck	vejoz
braws	chimp	fldxt	kyung	vejoz
braws	chimp	fldxt	gunky	vejoz
braws	chunk	fldxt	pigmy	vejoz
braws	chunk	fldxt	gimpy	vejoz
braws	fldxt	nymph	quick	vejoz
braws	fldxt	gucki	nymph	vejoz
braze	chowk	fldxt	jumps	vying
braze	fldxt	jocks	vying	whump
braze	fldxt	gconv	jumpy	whisk
break	chivw	fldxt	jumps	zygon
breck	fldxt	jowpy	nizam	vughs
breck	fldxt	jowpy	nazim	vughs
breck	flows	japyx	vingt	zhmud
breck	fowls	japyx	vingt	zhmud
breck	japyx	vingt	wolfs	zhmud
breva	chowk	fldxt	jumpy	zings
breva	chowk	fldxt	jumps	zingy
breva	fldxt	jocks	whump	zingy
breva	fldxt	jumps	whick	zygon
brevi	chawk	fldxt	jumps	zygon
brevi	fldxt	jacks	whump	zygon
brevi	fldxt	jumps	whack	zygon
brews	flock	japyx	vingt	zhmud
brick	fldxt	nymph	squaw	vejoz
brick	fldxt	nymph	quags	vejoz
brick	fldxt	humpy	swang	vejoz
brick	fldxt	yamph	swung	vejoz
brick	fldxt	yangs	vejoz	whump
brick	fldxt	spumy	vejoz	whang
brick	fldxt	pamhy	swung	vejoz
brick	fldxt	phyma	swung	vejoz
brick	fldxt	pungy	shawm	vejoz
brick	fldxt	pungy	vejoz	whams
brick	fldxt	gansy	vejoz	whump
brick	fldxt	gnaws	humpy	vejoz
brick	fldxt	mungy	vejoz	whaps
brick	fldxt	mungy	pshaw	vejoz
brigs	chump	fldxt	vejoz	wanky
brigs	fldxt	nymph	quawk	vejoz
brigs	fldxt	nymph	quack	vejoz
brigs	fldxt	mawky	punch	vejoz
brigs	fldxt	munch	pawky	vejoz
brims	chawk	fldxt	pungy	vejoz
brims	chung	fldxt	pawky	vejoz
brims	fldxt	pungy	vejoz	whack
brims	fldxt	gawky	punch	vejoz
bring	casky	fldxt	vejoz	whump
bring	cawky	fldxt	humps	vejoz
bring	cawky	fldxt	sumph	vejoz
bring	chawk	fldxt	spumy	vejoz
bring	chums	fldxt	pawky	vejoz
bring	fldxt	humpy	vejoz	wacks
bring	fldxt	humpy	swack	vejoz
bring	fldxt	humps	vejoz	wacky
bring	fldxt	yacks	vejoz	whump
bring	fldxt	spumy	vejoz	whack
bring	fldxt	yucks	vejoz	whamp
bring	fldxt	sumph	vejoz	wacky
bring	fldxt	psych	quawk	vejoz
bring	fldxt	mucky	vejoz	whaps
bring	fldxt	mucky	pshaw	vejoz
briny	chump	fldxt	gawks	vejoz
briny	fldxt	gucks	vejoz	whamp
brink	chump	fldxt	gawsy	vejoz
brins	chump	fldxt	gawky	vejoz
brisk	cangy	fldxt	vejoz	whump
brisk	fldxt	gconv	jazey	whump
bryum	chawk	fldxt	pings	vejoz
bryum	fldxt	spack	vejoz	whing
bryum	fldxt	spang	vejoz	whick
bryum	fldxt	spick	vejoz	whang
bryum	fldxt	packs	vejoz	whing
bryum	fldxt	pangs	vejoz	whick
bryum	fldxt	picks	vejoz	whang
bryum	fldxt	pings	vejoz	whack
bryum	fldxt	gawks	pinch	vejoz
brock	fldxt	jimpy	vughs	wanze
brock	flews	japyx	vingt	zhmud
brock	japyx	seqwl	vingt	zhmud
brogh	fldxt	jumps	vicky	wanze
bronk	chivw	fldxt	gazes	jumpy
brows	fleck	japyx	vingt	zhmud
brugh	campy	fldxt	swink	vejoz
brugh	campy	fldxt	vejoz	winks
brugh	cawny	fldxt	skimp	vejoz
brugh	fldxt	nicky	swamp	vejoz
brugh	fldxt	micky	spawn	vejoz
brugh	fldxt	micky	pawns	vejoz
bruja	chivw	fldxt	skemp	zygon
bruja	chivw	fldxt	kemps	zygon
brusk	campy	fldxt	vejoz	whing
brusk	champ	fldxt	vejoz	wingy
brusk	chawn	fldxt	pigmy	vejoz
brusk	chawn	fldxt	gimpy	vejoz
brusk	fldxt	gynic	vejoz	whamp
bucky	fldxt	nighs	vejoz	wramp
bucky	fldxt	sparm	vejoz	whing
bucky	fldxt	pashm	vejoz	wring
bucky	fldxt	javer	whomp	zings
bucky	fldxt	pharm	swing	vejoz
bucky	fldxt	pharm	vejoz	wings
bucky	fldxt	prahm	swing	vejoz
bucky	fldxt	prahm	vejoz	wings
bucky	fldxt	prams	vejoz	whing
bucky	fldxt	prang	vejoz	whims
bucky	fldxt	prims	vejoz	whang
bucky	fldxt	prism	vejoz	whang
bucky	fldxt	phasm	vejoz	wring
bucky	fldxt	ramps	vejoz	whing
bucky	fldxt	rings	vejoz	whamp
bucky	fldxt	girns	vejoz	whamp
bucky	fldxt	gramp	vejoz	whins
bucky	fldxt	grimp	shawn	vejoz
bucky	fldxt	grins	vejoz	whamp
bucky	fldxt	singh	vejoz	wramp
bucky	flimp	hdqrs	twang	vejoz
bucks	fldxt	hying	vejoz	wramp
bucks	fldxt	yamph	vejoz	wring
bucks	fldxt	pamhy	vejoz	wring
bucks	fldxt	javer	whomp	zingy
bucks	fldxt	pharm	vejoz	wingy
bucks	fldxt	phyma	vejoz	wring
bucks	fldxt	prahm	vejoz	wingy
bucks	fldxt	primy	vejoz	whang
bucks	fldxt	ringy	vejoz	whamp
bucks	fldxt	girny	vejoz	whamp
bucks	fldxt	mingy	vejoz	wharp
bucks	fldxt	gramp	vejoz	whiny
bumph	carks	fldxt	vejoz	wingy
bumph	casky	fldxt	vejoz	wring
bumph	cawky	fldxt	girns	vejoz
bumph	cawky	fldxt	grins	vejoz
bumph	cawky	fldxt	rings	vejoz
bumph	crang	fldxt	skiwy	vejoz
bumph	crink	fldxt	gawsy	vejoz
bumph	fldxt	yacks	vejoz	wring
bumph	fldxt	yangs	vejoz	wrick
bumph	fldxt	jacky	vower	zings
bumph	fldxt	jacko	wyver	zings
bumph	fldxt	jacks	vower	zingy
bumph	fldxt	jacks	wiver	zygon
bumph	fldxt	jacks	wrive	zygon
bumph	fldxt	javer	wicks	zygon
bumph	fldxt	javer	swick	zygon
bumph	fldxt	jives	wrack	zygon
bumph	fldxt	jocks	warve	zingy
bumph	fldxt	jocks	waver	zingy
bumph	fldxt	jocks	wyver	zigan
bumph	fldxt	racks	vejoz	wingy
bumph	fldxt	rangy	vejoz	wicks
bumph	fldxt	rangy	swick	vejoz
bumph	fldxt	ricky	swang	vejoz
bumph	fldxt	ringy	vejoz	wacks
bumph	fldxt	ringy	swack	vejoz
bumph	fldxt	rings	vejoz	wacky
bumph	fldxt	gansy	vejoz	wrick
bumph	fldxt	gawky	scrin	vejoz
bumph	fldxt	gconv	jerky	swazi
bumph	fldxt	gynic	vejoz	warks
bumph	fldxt	ginzo	jacks	wyver
bumph	fldxt	gyric	swank	vejoz
bumph	fldxt	girny	vejoz	wacks
bumph	fldxt	girny	swack	vejoz
bumph	fldxt	girns	vejoz	wacky
bumph	fldxt	gnars	vejoz	wicky
bumph	fldxt	gnaws	ricky	vejoz
bumph	fldxt	gowks	javer	zincy
bumph	fldxt	gracy	swink	vejoz
bumph	fldxt	gracy	vejoz	winks
bumph	fldxt	gravy	jocks	wizen
bumph	fldxt	gravy	jocks	winze
bumph	fldxt	grins	vejoz	wacky
bumph	fldxt	grosz	njave	wicky
bumph	fldxt	grosz	jacky	vinew
bumph	fldxt	grovy	jacks	wizen
bumph	fldxt	grovy	jacks	winze
bumpy	carks	fldxt	vejoz	whing
bumpy	chark	fldxt	swing	vejoz
bumpy	chark	fldxt	vejoz	wings
bumpy	chawk	fldxt	girns	vejoz
bumpy	chawk	fldxt	grins	vejoz
bumpy	chawk	fldxt	rings	vejoz
bumpy	ching	fldxt	vejoz	warks
bumpy	chirk	fldxt	gnaws	vejoz
bumpy	chirk	fldxt	swang	vejoz
bumpy	chivw	fldxt	jerks	zogan
bumpy	chivw	fldxt	gazon	jerks
bumpy	chowk	fldxt	javer	zings
bumpy	crang	fldxt	vejoz	whisk
bumpy	crank	fldxt	vejoz	whigs
bumpy	flang	hdqrs	twick	vejoz
bumpy	fldxt	nighs	vejoz	wrack
bumpy	fldxt	hicks	vejoz	wrang
bumpy	fldxt	karch	swing	vejoz
bumpy	fldxt	karch	vejoz	wings
bumpy	fldxt	kings	vejoz	warch
bumpy	fldxt	racks	vejoz	whing
bumpy	fldxt	ricks	vejoz	whang
bumpy	fldxt	rings	vejoz	whack
bumpy	fldxt	gawks	rinch	vejoz
bumpy	fldxt	sangh	vejoz	wrick
bumpy	fldxt	ginks	vejoz	warch
bumpy	fldxt	girns	vejoz	whack
bumpy	fldxt	gnars	vejoz	whick
bumpy	fldxt	gnash	vejoz	wrick
bumpy	fldxt	shack	vejoz	wring
bumpy	fldxt	grins	vejoz	whack
bumpy	fldxt	shang	vejoz	wrick
bumpy	fldxt	grosz	njave	whick
bumpy	fldxt	shick	vejoz	wrang
bumpy	fldxt	hacks	vejoz	wring
bumpy	fldxt	singh	vejoz	wrack
bumpy	fldxt	hangs	vejoz	wrick
bumpy	flick	hdqrs	twang	vejoz
bumps	chark	fldxt	vejoz	wingy
bumps	chawk	fldxt	girny	vejoz
bumps	chawk	fldxt	ringy	vejoz
bumps	chyak	fldxt	vejoz	wring
bumps	ching	fldxt	rawky	vejoz
bumps	chivw	fldxt	jerky	zogan
bumps	chivw	fldxt	jorge	knyaz
bumps	chivw	fldxt	gazon	jerky
bumps	chowk	fldxt	javer	zingy
bumps	fldxt	hicky	vejoz	wrang
bumps	fldxt	hying	vejoz	wrack
bumps	fldxt	jahve	wrick	zygon
bumps	fldxt	javer	whick	zygon
bumps	fldxt	karch	vejoz	wingy
bumps	fldxt	rangy	vejoz	whick
bumps	fldxt	ricky	vejoz	whang
bumps	fldxt	ringy	vejoz	whack
bumps	fldxt	gawky	rinch	vejoz
bumps	fldxt	gyric	vejoz	whank
bumps	fldxt	girny	vejoz	whack
bumps	fldxt	hacky	vejoz	wring
bunch	fldxt	pigmy	vejoz	warks
bunch	fldxt	gawky	prims	vejoz
bunch	fldxt	gawky	prism	vejoz
bunch	fldxt	gawks	primy	vejoz
bunch	fldxt	mawky	sprig	vejoz
bunch	fldxt	mawky	prigs	vejoz
bunch	fldxt	gimpy	vejoz	warks
bunch	fldxt	gimps	rawky	vejoz
bunch	fldxt	gramp	skiwy	vejoz
bunch	fldxt	gripy	mawks	vejoz
bunch	fldxt	grips	mawky	vejoz
bungy	chawk	fldxt	prims	vejoz
bungy	chawk	fldxt	prism	vejoz
bungy	chimp	fldxt	vejoz	warks
bungy	chirk	fldxt	swamp	vejoz
bungy	chirp	fldxt	mawks	vejoz
bungy	cramp	fldxt	vejoz	whisk
bungy	crimp	fldxt	hawks	vejoz
bungy	fldxt	hicks	vejoz	wramp
bungy	fldxt	sparm	vejoz	whick
bungy	fldxt	pashm	vejoz	wrick
bungy	fldxt	pharm	vejoz	wicks
bungy	fldxt	pharm	swick	vejoz
bungy	fldxt	phasm	vejoz	wrick
bungy	fldxt	prahm	vejoz	wicks
bungy	fldxt	prahm	swick	vejoz
bungy	fldxt	prams	vejoz	whick
bungy	fldxt	prick	shawm	vejoz
bungy	fldxt	prick	vejoz	whams
bungy	fldxt	prims	vejoz	whack
bungy	fldxt	prism	vejoz	whack
bungy	fldxt	ramps	vejoz	whick
bungy	fldxt	ricks	vejoz	whamp
bungy	fldxt	mawks	prich	vejoz
bungy	fldxt	micks	vejoz	wharp
bungy	fldxt	shick	vejoz	wramp
bungy	fldxt	skimp	vejoz	warch
bungy	hdqrs	lampf	twick	vejoz
bungs	chawk	fldxt	primy	vejoz
bungs	chimp	fldxt	rawky	vejoz
bungs	chirm	fldxt	pawky	vejoz
bungs	chirp	fldxt	mawky	vejoz
bungs	crimp	fldxt	hawky	vejoz
bungs	fldxt	hicky	vejoz	wramp
bungs	fldxt	yamph	vejoz	wrick
bungs	fldxt	pamhy	vejoz	wrick
bungs	fldxt	pharm	vejoz	wicky
bungs	fldxt	phyma	vejoz	wrick
bungs	fldxt	prahm	vejoz	wicky
bungs	fldxt	primy	vejoz	whack
bungs	fldxt	ricky	vejoz	whamp
bungs	fldxt	mawky	prich	vejoz
bungs	fldxt	micky	vejoz	wharp
bunks	fldxt	pigmy	vejoz	warch
bunks	fldxt	gimpy	vejoz	warch
bunks	fldxt	gyric	vejoz	whamp
burez	chowk	fldxt	jimpy	vangs
burez	fldxt	jacks	vying	whomp
burez	fldxt	jocks	vying	whamp
burez	fldxt	gconv	hawks	jimpy
burga	fldxt	nymph	vejoz	wicks
burga	fldxt	nymph	swick	vejoz
burgh	campy	fldxt	swink	vejoz
burgh	campy	fldxt	vejoz	winks
burgh	cawny	fldxt	skimp	vejoz
burgh	fldxt	nicky	swamp	vejoz
burgh	fldxt	micky	spawn	vejoz
burgh	fldxt	micky	pawns	vejoz
burgs	chimp	fldxt	vejoz	wanky
burgs	fldxt	nicky	vejoz	whamp
burgs	fldxt	mawky	pinch	vejoz
burny	chawk	fldxt	gimps	vejoz
burny	chimp	fldxt	gawks	vejoz
burny	fldxt	gamps	vejoz	whick
burny	fldxt	gimps	vejoz	whack
burns	chawk	fldxt	pigmy	vejoz
burns	chawk	fldxt	gimpy	vejoz
burns	chimp	fldxt	gawky	vejoz
burns	fldxt	gimpy	vejoz	whack
burns	fldxt	pigmy	vejoz	whack
burps	chawk	fldxt	mingy	vejoz
burps	ching	fldxt	mawky	vejoz
burps	fldxt	mangy	vejoz	whick
burps	fldxt	mckay	vejoz	whing
burps	fldxt	micky	vejoz	whang
burps	fldxt	mingy	vejoz	whack
busky	champ	fldxt	vejoz	wring
busky	chawn	fldxt	grimp	vejoz
busky	chimp	fldxt	vejoz	wrang
busky	ching	fldxt	vejoz	wramp
busky	cramp	fldxt	vejoz	whing
busky	crimp	fldxt	vejoz	whang
busky	fldxt	gramp	vejoz	winch
carby	fldxt	kings	vejoz	whump
carby	fldxt	ginks	vejoz	whump
carvy	fldxt	jinks	uzbeg	whomp
cawky	fldxt	pings	rhumb	vejoz
cawky	fldxt	griph	numbs	vejoz
champ	fldxt	kirby	swung	vejoz
champ	fldxt	rugby	swink	vejoz
champ	fldxt	rugby	vejoz	winks
chang	fldxt	jimpy	uzbek	vrows
chang	fldxt	jowpy	mirvs	uzbek
chank	fldxt	jimpy	uzbeg	vrows
chank	fldxt	jowpy	mirvs	uzbeg
chawk	fldxt	jumby	prove	zings
chawk	fldxt	gimps	runby	vejoz
chawk	fldxt	ginzo	jumpy	verbs
chawk	fldxt	ginzo	jumps	verby
chawk	fldxt	gripy	numbs	vejoz
chawk	fldxt	grovy	jumps	zineb
chawk	fldxt	gumby	pirns	vejoz
chawn	fldxt	rugby	skimp	vejoz
chawn	fldxt	gumby	skirp	vejoz
chaws	fldxt	gumby	prink	vejoz
cheng	fldxt	jimpy	uzbak	vrows
cheng	fldxt	jowpy	mirvs	uzbak
chimb	expwy	fjord	klutz	vangs
chimb	fldxt	sprug	vejoz	wanky
chimb	fldxt	parky	swung	vejoz
chimb	fldxt	pawky	rungs	vejoz
chimb	fldxt	kyung	vejoz	wraps
chimb	fldxt	kyung	vejoz	warps
chimb	fldxt	pungy	vejoz	warks
chimb	fldxt	pungs	rawky	vejoz
chimb	fldxt	rawky	spung	vejoz
chimb	fldxt	gawky	spurn	vejoz
chimb	fldxt	gawky	snurp	vejoz
chimb	fldxt	gunky	vejoz	wraps
chimb	fldxt	gunky	vejoz	warps
chimp	fldxt	jarvy	swonk	uzbeg
chimp	fldxt	jarvy	snowk	uzbeg
chimp	fldxt	jarvy	knows	uzbeg
chimp	fldxt	quawk	verbs	zygon
chimp	fldxt	rugby	swank	vejoz
chimp	fldxt	gawby	knurs	vejoz
chimp	fldxt	gawks	runby	vejoz
chimp	fldxt	gowns	jarvy	uzbek
chimp	fldxt	grubs	vejoz	wanky
chink	fldxt	rugby	swamp	vejoz
chink	fldxt	gawby	rumps	vejoz
chink	fldxt	gumby	vejoz	wraps
chink	fldxt	gumby	vejoz	warps
chirk	fldxt	gawby	numps	vejoz
chirk	fldxt	gumby	spawn	vejoz
chirk	fldxt	gumby	pawns	vejoz
chirm	fldxt	jowpy	uzbek	vangs
chirm	fldxt	gawby	spunk	vejoz
chirm	fldxt	gawby	punks	vejoz
chirp	fldxt	gawky	numbs	vejoz
chirp	fldxt	gumby	swank	vejoz
chivw	enzym	fldxt	jakob	sprug
chivw	expdt	jumby	klong	zarfs
chivw	expdt	flamb	grosz	junky
chivw	expdt	flank	grosz	jumby
chivw	expdt	furzy	jambs	klong
chivw	fjord	klutz	mangy	pbxes
chivw	fjord	glaky	muntz	pbxes
chivw	fldxt	jambs	puker	zygon
chivw	fldxt	jerky	spung	zambo
chivw	fldxt	jerky	pungs	zambo
chivw	fldxt	jerks	pungy	zambo
chivw	fldxt	jumba	perks	zygon
chivw	fldxt	jumby	perks	zogan
chivw	fldxt	jumby	karez	spong
chivw	fldxt	jumpy	kerbs	zogan
chivw	fldxt	jumpy	krebs	zogan
chivw	fldxt	jumps	kebar	zygon
chivw	fldxt	gazer	jumpy	knobs
chivw	fldxt	gazer	jumby	knops
chivw	fldxt	gazer	jumby	knosp
chivw	fldxt	gazon	jumby	perks
chivw	fldxt	gazon	jumpy	krebs
chivw	fldxt	gazon	jumpy	kerbs
chivw	fldxt	gerbo	jumps	knyaz
chivw	fldxt	graze	jumpy	knobs
chivw	fldxt	graze	jumby	knops
chivw	fldxt	graze	jumby	knosp
chivw	fldxt	grebo	jumps	knyaz
chivw	fldxt	grype	junks	zambo
chivw	fldxt	grosz	jambe	punky
chivw	fldxt	grosz	jumby	knape
chivw	fldxt	grosz	jumby	pekan
chivw	fldxt	grump	jazey	knobs
chomp	fldxt	jarvy	swing	uzbek
chomp	fldxt	jarvy	swink	uzbeg
chomp	fldxt	jarvy	uzbeg	winks
chomp	fldxt	jarvy	uzbek	wings
chomp	fldxt	quawk	verby	zings
chomp	fldxt	quawk	verbs	zingy
chowk	fldxt	jambe	supvr	zingy
chowk	fldxt	jumby	prize	vangs
chowk	fldxt	jumby	verpa	zings
chowk	fldxt	jumby	parve	zings
chowk	fldxt	jumby	paver	zings
chowk	fldxt	jumpy	verbs	zigan
chowk	fldxt	jumps	verby	zigan
chowk	fldxt	jumps	vying	zebra
chowk	fldxt	gravy	jumps	zineb
chubs	fldxt	grimp	vejoz	wanky
chump	fldxt	jakob	wyver	zings
chump	fldxt	kirby	swang	vejoz
chump	fldxt	gawby	kirns	vejoz
chump	fldxt	gawby	rinks	vejoz
chump	fldxt	gnaws	kirby	vejoz
chump	fldxt	gowks	jarvy	zineb
chums	fldxt	gawby	prink	vejoz
chung	fldxt	kirby	swamp	vejoz
chunk	fldxt	gawby	prims	vejoz
chunk	fldxt	gawby	prism	vejoz
churm	fldxt	gawby	pinks	vejoz
churm	fldxt	gawby	spink	vejoz
churn	fldxt	gawby	skimp	vejoz
chwas	fldxt	gumby	prink	vejoz
comps	fldxt	jarvy	uzbek	whing
crank	fldxt	gumby	vejoz	whisp
crank	fldxt	gumby	vejoz	whips
crawm	fldxt	qophs	uzbek	vying
cribs	fldxt	nymph	quawk	vejoz
cribs	fldxt	kyang	vejoz	whump
cribs	fldxt	kyung	vejoz	whamp
cribs	fldxt	gunky	vejoz	whamp
crimp	fldxt	gawby	hunks	vejoz
crink	fldxt	gawby	humps	vejoz
crink	fldxt	gawby	sumph	vejoz
crink	fldxt	gumby	vejoz	whaps
crink	fldxt	gumby	pshaw	vejoz
crips	fldxt	gumby	vejoz	whank
crisp	fldxt	gumby	vejoz	whank
crumb	fldxt	nighs	pawky	vejoz
crumb	fldxt	spiky	vejoz	whang
crumb	fldxt	pawky	singh	vejoz
crumb	fldxt	kaphs	vejoz	wingy
crumb	fldxt	pisky	vejoz	whang
crumb	fldxt	kyang	vejoz	whisp
crumb	fldxt	kyang	vejoz	whips
crumb	fldxt	gipsy	vejoz	whank
crumb	fldxt	hawky	pings	vejoz
crump	fldxt	gawby	knish	vejoz
crwth	gambs	kylix	pfund	vejoz
curby	fldxt	kings	vejoz	whamp
curby	fldxt	gimps	vejoz	whank
curby	fldxt	ginks	vejoz	whamp
curby	fldxt	skimp	vejoz	whang
curbs	fldxt	pigmy	vejoz	whank
curbs	fldxt	gimpy	vejoz	whank
dhikr	expwy	fultz	gconv	jambs
dumbs	fritz	gconv	japyx	whelk
dwarf	glyph	jocks	muntz	vibex
evang	fldxt	jumby	qophs	wrick
expdt	furzy	gconv	jambs	whilk
expdt	gconv	jumby	whilk	zarfs
exptl	fconv	gawby	hdqrs	mujik
exptl	gconv	hdqrs	jumby	kafiz
exptl	gconv	hdqrs	jumby	wakif
expwy	flack	hdqrs	jumbo	vingt
expwy	flock	hdqrs	jumba	vingt
fangy	hdqrs	plumb	twick	vejoz
fcomp	gawby	hdqrs	klutz	vixen
fcomp	gunky	hdqrs	vibex	waltz
fcomp	hdqrs	junky	vibex	waltz
fcomp	hdqrs	kyung	vibex	waltz
fjord	glyph	muntz	vibex	wacks
fjord	glyph	muntz	swack	vibex
fjord	gucks	nymph	vibex	waltz
flack	hdqrs	jowpy	muntz	vibex
flamb	hdqrs	pungy	twick	vejoz
fldxt	gamps	runby	vejoz	whick
fldxt	ganch	jimpy	uzbek	vrows
fldxt	ganch	jowpy	mirvs	uzbek
fldxt	ganev	jumby	qophs	wrick
fldxt	garbs	nicky	vejoz	whump
fldxt	garbs	nymph	quick	vejoz
fldxt	gawby	jumps	kench	vizor
fldxt	gawby	kinch	rumps	vejoz
fldxt	gawby	punch	smirk	vejoz
fldxt	gawby	runch	skimp	vejoz
fldxt	gawby	mirks	punch	vejoz
fldxt	gawby	munch	skirp	vejoz
fldxt	gawby	murks	pinch	vejoz
fldxt	gawby	murph	nicks	vejoz
fldxt	gawby	murph	snick	vejoz
fldxt	gawky	numbs	prich	vejoz
fldxt	gawks	nymph	urbic	vejoz
fldxt	gazon	jumpy	verbs	whick
fldxt	gazon	jumps	verby	whick
fldxt	gconv	herbs	jimpy	quawk
fldxt	gconv	jerky	squib	whamp
fldxt	gconv	jerky	squiz	whamp
fldxt	gconv	jerky	saqib	whump
fldxt	gconv	jerky	sabzi	whump
fldxt	gconv	jimpy	uzbak	wersh
fldxt	gconv	jimpy	shrew	uzbak
fldxt	gconv	jizya	krebs	whump
fldxt	gconv	jizya	kerbs	whump
fldxt	gconv	jumby	karez	whisp
fldxt	gconv	jumby	karez	whips
fldxt	gconv	jumpy	whisk	zebra
fldxt	gconv	hawks	jumby	prize
fldxt	ghbor	jumps	vicky	wanze
fldxt	gibus	nymph	vejoz	wrack
fldxt	gimpy	scrub	vejoz	whank
fldxt	gimps	jarvy	nowch	uzbek
fldxt	gimps	runby	vejoz	whack
fldxt	ginzo	jacky	verbs	whump
fldxt	ginzo	jacks	verby	whump
fldxt	ginzo	jumby	pshav	wreck
fldxt	ginzo	jumpy	verbs	whack
fldxt	ginzo	jumps	verby	whack
fldxt	given	jumby	qophs	wrack
fldxt	gnaws	picky	rhumb	vejoz
fldxt	grabs	nicky	vejoz	whump
fldxt	grabs	nymph	quick	vejoz
fldxt	graph	numbs	vejoz	wicky
fldxt	grapy	numbs	vejoz	whick
fldxt	gravy	jocks	whump	zineb
fldxt	grimp	subch	vejoz	wanky
fldxt	grimp	quawk	synch	vejoz
fldxt	griph	numbs	vejoz	wacky
fldxt	gryph	njave	quick	wombs
fldxt	gryph	jambs	quick	woven
fldxt	gryph	manqu	vejoz	wicks
fldxt	gryph	manqu	swick	vejoz
fldxt	gryph	minbu	vejoz	wacks
fldxt	gryph	minbu	swack	vejoz
fldxt	gripy	numbs	vejoz	whack
fldxt	grosz	jumby	paven	whick
fldxt	grovy	jacks	whump	zineb
fldxt	grovy	jumps	whack	zineb
fldxt	grown	jimpy	schav	uzbek
fldxt	grubs	nicky	vejoz	whamp
fldxt	grubs	mawky	pinch	vejoz
fldxt	gucks	jarvy	whomp	zineb
fldxt	gumby	nicks	vejoz	wharp
fldxt	gumby	hicks	prawn	vejoz
fldxt	gumby	njave	qophs	wrick
fldxt	gumby	snick	vejoz	wharp
fldxt	gumby	spark	vejoz	winch
fldxt	gumby	spink	vejoz	warch
fldxt	gumby	parch	swink	vejoz
fldxt	gumby	parch	vejoz	winks
fldxt	gumby	parks	vejoz	winch
fldxt	gumby	prick	shawn	vejoz
fldxt	gumby	pinch	vejoz	warks
fldxt	gumby	pinks	vejoz	warch
fldxt	gumby	pirns	vejoz	whack
fldxt	gumby	kinch	vejoz	wraps
fldxt	gumby	kinch	vejoz	warps
fldxt	gumby	prawn	shick	vejoz
fldxt	gumby	prich	swank	vejoz
fldxt	gumby	prink	schwa	vejoz
fldxt	gumby	scrip	vejoz	whank
fldxt	jacko	verby	whump	zings
fldxt	jacko	verbs	whump	zingy
fldxt	jambe	supvr	whick	zygon
fldxt	jambe	qophs	vicky	wrung
fldxt	jarvy	nicks	uzbeg	whomp
fldxt	jarvy	snick	uzbeg	whomp
fldxt	jarvy	nowch	skimp	uzbeg
fldxt	jarvy	mowch	pings	uzbek
fldxt	jarvy	mowch	pinks	uzbeg
fldxt	jarvy	mowch	spink	uzbeg
fldxt	jerky	vocab	whump	zings
fldxt	jerks	vocab	whump	zingy
fldxt	jimpy	schav	uzbek	wrong
fldxt	jocks	verby	whump	zigan
fldxt	jocks	vying	whump	zebra
fldxt	johns	uzbeg	vicky	wramp
fldxt	jumba	qophs	vying	wreck
fldxt	jumba	qophs	wreck	zingy
fldxt	jumby	speck	voraz	whing
fldxt	jumby	speck	vizor	whang
fldxt	jumby	navig	qophs	wreck
fldxt	jumby	pecks	voraz	whing
fldxt	jumby	pecks	vizor	whang
fldxt	jumby	prove	whack	zings
fldxt	jumby	qophs	wreck	zigan
fldxt	jumby	qophs	vegan	wrick
fldxt	jumbo	pshav	wreck	zingy
fldxt	jumpy	verbs	whick	zogan
fldxt	jumps	verby	whick	zogan
fldxt	kinch	rugby	swamp	vejoz
fldxt	kumbi	psych	vejoz	wrang
fldxt	mawks	pinch	rugby	vejoz
fldxt	namby	sprug	vejoz	whick
fldxt	nicks	rugby	vejoz	whamp
fldxt	nymph	squab	vejoz	wrick
fldxt	nymph	squib	vejoz	wrack
fldxt	nymph	quags	vejoz	wrick
fldxt	packs	rhumb	vejoz	wingy
fldxt	pangs	rhumb	vejoz	wicky
fldxt	picky	rhumb	swang	vejoz
fldxt	pigmy	scrub	vejoz	whank
fldxt	pings	rhumb	vejoz	wacky
fldxt	quack	verby	whomp	zings
fldxt	quack	verbs	whomp	zingy
fldxt	quick	verbs	whamp	zygon
fldxt	rhumb	spack	vejoz	wingy
fldxt	rhumb	spang	vejoz	wicky
fldxt	rugby	snick	vejoz	whamp
flock	hdqrs	jumpy	twang	vibex
flong	japyx	twick	verbs	zhmud
flong	jarvy	pbxes	twick	zhmud
flowk	hdqrs	imcnt	japyx	uzbeg
frack	jowly	pbxes	vingt	zhmud
frock	japyx	seqwl	vingt	zhmud
frowl	jacky	pbxes	vingt	zhmud
fultz	jacky	mordv	pbxes	whing
glack	hdqrs	jowpy	muntz	vibex
